<?xml version="1.0" encoding="utf-8"?>
<manifest xmlns:android="http://schemas.android.com/apk/res/android"
    xmlns:tools="http://schemas.android.com/tools">

    <uses-permission android:name="android.permission.INTERNET" />
    <uses-permission android:name="android.permission.READ_EXTERNAL_STORAGE" />
    <uses-permission
        android:name="android.permission.WRITE_EXTERNAL_STORAGE"
        android:maxSdkVersion="28" />

    <application
        android:allowBackup="true"
        android:dataExtractionRules="@xml/data_extraction_rules"
        android:fullBackupContent="@xml/backup_rules"
        android:icon="@mipmap/ic_launcher"
        android:label="@string/app_name"
        android:roundIcon="@mipmap/ic_launcher_round"
        android:supportsRtl="true"
        android:theme="@style/Theme.Submission"
        tools:targetApi="31">
        <activity
            android:name=".ui.AddStoryActivity"
            android:exported="false" />
        <activity
            android:name=".ui.DetailActivity"
            android:exported="false" />
        <activity
            android:name=".ui.LoginActivity"
            android:exported="false" />
        <activity
            android:name=".ui.RegisterActivity"
            android:exported="false" />
        <activity
            android:name=".ui.MainActivity"
            android:exported="true">
            <intent-filter>
                <action android:name="android.intent.action.MAIN" />

                <category android:name="android.intent.category.LAUNCHER" />
            </intent-filter>
        </activity>

        <provider
            android:name="androidx.core.content.FileProvider"
            android:authorities="${applicationId}.fileprovider"
            android:exported="false"
            android:grantUriPermissions="true">
            <meta-data
                android:name="android.support.FILE_PROVIDER_PATHS"
                android:resource="@xml/file_paths" />
        </provider>

        <!-- Trigger Google Play services to install the backported photo picker module. -->
        <!--suppress AndroidDomInspection -->
        <service android:name="com.google.android.gms.metadata.ModuleDependencies"
            android:enabled="false"
            android:exported="false"
            tools:ignore="MissingClass">
            <intent-filter>
                <action android:name="com.google.android.gms.metadata.MODULE_DEPENDENCIES" />
            </intent-filter>
            <meta-data android:name="photopicker_activity:0:required" android:value="" />
        </service>




    </application>

</manifest>